id,Q1,Q2,Q3,Q4,Q5,Q6,Q7
1873728,C,B,A,B,A,A,B
6292826,B,B,A,B,A,B,B
31700873,B,A,B,B,A,B,C
39672922,B,A,B,B,A,B,C
72918630,C,A,A,B,A,A,B
88585744,C,B,A,A,A,A,A
97344146,B,A,B,A,B,B,C
109444762,C,B,A,A,B,A,A
165070370,C,B,A,A,B,A,A
175835676,B,A,B,A,B,B,C
178966363,B,A,A,A,B,B,C
182341219,B,B,A,B,A,A,A
216885820,C,B,A,B,A,A,B
218049846,C,B,A,B,A,A,B
219433381,B,A,B,B,B,B,C
243799407,B,A,B,B,A,A,B
247024863,C,B,A,B,A,A,C
265352838,C,B,A,A,B,A,A
266092150,C,B,A,A,B,A,B
280847097,C,B,A,B,B,A,A
284743606,A,A,A,A,B,B,C
285969802,A,A,B,A,A,B,C
311141742,B,A,B,B,A,B,C
311861136,B,A,B,A,A,B,C
325392247,C,A,B,A,B,A,B
329033253,B,A,B,A,A,B,C
345199822,C,B,A,A,B,A,A
352380518,A,A,B,A,B,B,C
358066578,C,B,A,A,A,A,A
369711791,B,A,B,A,B,B,C
379604236,B,A,B,B,A,B,C
390524954,B,A,A,A,A,A,C
415815332,B,B,A,A,A,A,A
427836902,C,B,A,A,B,B,A
443568113,B,A,B,B,A,B,C
446995789,C,A,A,B,A,B,B
452289167,B,A,B,B,A,B,C
456712325,C,B,A,A,B,A,A
458444286,C,A,B,B,A,B,C
480372482,A,A,B,B,A,B,C
486640035,B,A,B,A,A,B,C
511802589,C,A,B,A,A,B,A
515336129,C,B,A,A,B,A,B
522146989,A,A,B,A,A,B,C
523184139,B,A,A,B,A,A,C
523909268,C,B,A,B,A,A,A
530299916,B,A,A,B,A,A,C
539648958,C,B,A,B,B,B,B
556199541,B,A,B,A,B,B,C
563945657,B,A,A,A,B,B,C
565519767,C,B,A,A,B,A,A
628184053,C,A,B,B,A,B,C
682744340,C,B,A,A,B,B,A
683194672,B,A,A,A,A,A,C
756531584,B,A,A,A,B,B,C
822984583,C,B,A,A,A,A,A
968293102,B,B,A,A,A,A,A
976532479,B,A,B,B,A,A,C
1097920068,C,B,A,A,B,A,A
1139613029,C,A,B,B,A,A,C
1301398204,B,A,B,B,A,B,C
1351246086,C,B,A,A,B,A,A
1386606787,B,A,B,B,A,B,C
1386768513,B,A,B,B,A,B,C
1388076875,C,B,A,A,B,A,B
1422104961,C,B,A,A,B,B,A
1439764921,C,B,A,B,A,A,C
1461522249,B,A,B,B,A,B,C
1521426546,C,A,A,A,B,A,B
1574809957,C,B,A,A,B,A,A
1799241727,C,B,A,B,B,B,C
1896392812,C,A,B,B,B,A,C
1973617618,B,A,B,B,A,B,C
2088763517,C,B,A,A,B,B,C
2094118584,C,B,A,B,B,A,B
2153205662,B,A,B,B,A,B,C
2290726072,C,B,A,B,A,A,B
2321003896,C,B,A,A,B,A,A
2337753762,C,B,A,A,A,A,A
2412894098,B,A,A,B,A,B,C
2500808809,C,A,A,B,B,B,B
2694726216,B,A,A,B,A,B,C
2738387084,C,A,B,A,B,B,C
2767333569,B,A,B,B,A,B,C
2790764148,B,A,B,A,B,B,C
2846936237,C,B,A,A,B,A,A
2870241487,C,B,A,A,A,A,A
2884204484,B,A,B,B,A,B,C
2893104391,C,B,A,A,A,A,B
2903159948,C,B,A,A,B,A,B
2927129825,B,A,B,B,A,B,C
3007603560,C,B,A,A,B,A,C
3015282977,C,A,B,B,A,B,B
3031378811,C,B,A,B,A,A,B
3128699639,C,B,A,A,B,A,A
3227947036,C,A,A,B,A,B,C
3247860886,C,B,A,B,A,B,B
3357571272,C,B,A,A,A,A,A
3427341325,C,A,A,B,B,B,B
3436537095,C,B,A,B,A,A,A
3480155072,C,B,A,B,A,A,B
3511424366,C,A,B,A,B,B,C
3641518435,B,A,A,B,B,B,C
3881805795,C,B,A,B,A,A,B
3903204544,B,B,A,A,B,A,C
3905584273,C,B,A,A,B,A,A
3974322793,C,B,A,B,B,A,A
3993363938,C,B,A,A,B,A,B
3993491561,C,A,A,B,A,B,B
4016777484,C,A,B,B,B,B,B
4101969711,C,B,A,B,A,A,A
4134663298,C,A,B,B,A,B,C
4218701807,C,B,A,B,A,A,C
4280912022,C,B,A,A,A,B,A
4329535990,C,B,A,B,A,A,B
4332725043,C,B,A,A,A,A,A
4341776736,B,A,B,B,A,B,C
4441179970,B,A,B,A,B,B,C
4496629668,B,A,A,B,A,B,C
4535662044,B,A,B,A,A,B,C
4543358981,B,A,B,A,B,B,C
4672989265,B,B,A,A,A,A,B
4716047404,B,B,A,B,A,B,C
4745840637,B,B,A,B,A,A,B
4789622814,C,B,A,B,A,B,B
4811750972,B,B,A,B,A,A,B
4881727444,C,B,A,B,A,A,A
4916969136,B,A,A,A,B,B,C
4937975485,C,B,A,B,B,A,A
5034153774,C,B,A,A,B,A,A
5077445230,C,B,A,A,A,A,B
5112324575,B,B,A,A,A,A,A
5136072764,B,B,A,B,A,A,C
5183593914,C,B,A,B,B,B,B
5292540094,C,B,A,A,B,B,C
5314749745,A,A,A,B,A,B,C
5348320913,A,A,B,B,A,B,C
5395039226,C,B,A,A,B,A,A
5402766188,C,B,A,A,B,A,A
5473969715,C,B,A,B,A,A,B
5548423806,C,B,A,A,A,A,A
5561023319,C,A,A,B,A,A,B
5596097823,C,A,A,B,B,A,B
5628690825,C,B,A,A,A,A,B
5682064843,C,A,A,B,A,B,B
5736082154,A,B,A,A,B,A,C
5764250917,B,A,B,B,A,B,C
5765699878,B,A,B,B,A,B,C
5839161640,C,A,B,C,C,B,A
5862873516,C,B,A,A,A,A,C
5908041850,B,B,A,B,A,B,C
5923624371,C,B,A,A,A,A,A
5948658911,C,A,A,A,B,B,B
6002559536,C,B,A,A,B,A,A
6042645653,B,B,A,A,B,B,A
6074064623,C,B,A,B,B,A,A
6279251255,C,B,A,A,B,B,C
6295982812,C,B,A,B,B,A,B
6296560201,C,B,A,B,B,B,B
6779799981,B,A,A,B,A,B,C
6817087374,C,A,A,B,A,B,C
6875708677,C,B,A,A,B,A,A
6925234617,C,A,A,B,A,A,C
6961386470,C,B,A,A,B,A,A
6995040775,C,B,A,A,B,B,C
7159800926,C,B,A,A,A,A,B
7237017308,C,A,B,B,A,B,C
7276598480,B,B,A,B,A,B,C
7281876710,B,A,B,B,A,B,C
7467989216,C,B,A,A,A,B,C
7488269670,B,A,B,A,B,B,C
7521123428,B,A,B,B,A,B,C
7692193950,C,B,A,B,A,A,B
7769850426,C,B,A,A,A,A,C
7962973752,B,A,B,A,B,B,C
8203034515,B,A,A,B,A,B,C
8251381751,B,A,B,A,B,B,C
8306613715,C,B,A,A,A,A,B
8307089134,B,B,A,A,B,B,A
8315509448,B,A,B,B,A,B,C
8406771903,B,B,A,B,A,A,C
8474673006,C,B,A,A,B,A,B
8706699810,B,A,B,B,A,B,C
8815795798,C,B,A,A,B,A,A
9001135290,B,A,B,B,A,B,C
9309870009,C,B,A,A,B,A,A
9318404306,C,A,B,A,A,B,B
9393468013,C,B,A,B,A,A,B
9546093889,C,B,A,B,A,A,C
9640910501,C,B,A,B,A,B,C
10003206806,C,B,A,A,B,A,A
10121282706,B,A,B,B,A,B,C
10537366026,C,A,A,A,B,A,B
11014929335,C,B,A,B,A,A,C
11175831776,B,A,A,A,A,B,C
11985456966,C,B,A,A,A,A,A
12714152683,B,A,B,B,A,B,C
13363473424,B,B,A,A,A,B,C
13461766705,C,A,B,B,A,B,B
13963887305,C,A,A,A,B,B,A
961578,C,B,A,B,A,A,B
8455618,C,B,A,A,B,B,A
8610550,C,B,A,A,A,A,A
32633215,C,B,A,A,B,B,A
33337329,C,B,A,A,A,A,A
74619051,C,A,B,A,B,B,C
129841428,B,A,B,B,A,B,C
138991280,C,B,A,A,A,A,A
143845164,B,B,A,A,A,A,A
161142762,B,B,A,B,A,B,A
162863290,B,A,B,A,B,A,C
190003873,C,A,B,B,A,A,A
193907931,C,B,A,A,A,A,A
197132294,B,B,A,B,A,A,A
204004897,B,A,B,B,A,B,C
236575071,B,B,A,A,B,A,C
251877645,B,A,B,B,A,B,B
260660602,C,B,A,A,A,A,A
280128811,C,B,A,B,A,A,A
283181248,B,B,A,B,A,A,A
297192747,B,A,B,A,B,B,C
315960562,B,B,A,B,A,A,B
344883788,C,B,A,A,B,A,B
356472264,C,A,A,B,B,B,C
358786282,B,A,B,B,A,B,C
379419762,C,B,A,A,A,A,A
384987215,B,B,A,A,A,A,A
393048108,C,A,A,A,A,A,B
397104761,C,B,A,A,B,A,A
400760123,B,A,B,B,A,B,C
443981425,B,B,A,B,A,A,C
462744220,C,B,A,A,B,A,A
478731834,C,B,A,B,A,A,B
488069576,C,A,A,A,B,B,A
496664918,C,B,A,A,B,A,A
516142073,C,B,A,A,B,A,A
532386352,B,A,B,A,B,B,C
748585499,B,B,A,A,A,A,B
864927630,C,A,A,A,A,A,B
902804092,C,A,B,A,B,B,C
984664910,B,B,A,B,B,A,A
1087662996,B,A,A,A,B,B,C
1289357310,C,B,A,A,A,A,A
1310414381,B,A,A,B,A,B,C
1320922094,C,B,A,A,A,B,B
1389846629,C,B,A,B,B,A,B
1499652266,B,A,B,B,A,B,C
1557392107,B,A,B,A,B,B,C
1659477928,B,A,B,A,B,A,C
2042084815,C,A,A,B,A,A,B
2063907099,B,B,A,A,A,A,A
2070098562,B,A,B,A,B,B,C
2096637293,C,B,A,A,B,A,A
2122447423,C,B,A,B,A,B,A
2138372551,A,A,A,B,A,B,C
2220485647,B,A,B,B,A,B,C
2232591644,C,B,A,A,B,A,A
2250587484,B,A,A,B,B,A,C
2264517682,B,A,B,B,A,A,B
2280991185,B,A,B,B,A,A,C
2302850654,B,A,B,B,A,B,C
2314192017,B,B,A,B,A,A,B
2315275238,B,A,A,A,A,B,C
2400817474,C,A,B,B,B,B,C
2425196729,C,B,A,B,B,B,A
2500179023,B,A,A,B,A,B,B
2582899267,C,B,A,A,B,A,A
2657523317,A,A,A,B,A,B,C
2689360364,C,A,A,A,B,B,B
2748295493,B,A,B,B,A,B,C
2877611238,B,A,A,A,B,A,A
2901075604,C,A,A,B,A,B,C
2908484353,B,B,A,A,A,A,B
2913584854,C,A,B,B,A,B,B
2936373184,C,B,A,B,B,B,A
2954529438,A,A,B,A,A,B,C
3014182108,B,B,A,A,A,A,B
3067729276,B,A,A,B,A,A,C
3106038695,B,A,B,B,A,B,C
3109247737,B,A,B,B,A,B,C
3123807177,C,B,A,A,B,A,A
3141232303,B,A,B,B,A,B,C
3177222884,C,B,A,B,A,A,A
3194135654,C,A,A,B,B,B,A
3239097412,B,A,B,B,A,B,C
3252552164,C,A,A,B,B,A,C
3286282738,C,B,A,A,A,B,A
3367519850,B,A,B,B,B,B,C
3437788035,B,A,B,B,A,B,C
3448603463,C,B,A,A,B,B,A
3493262591,B,A,B,B,A,B,C
3571186935,C,B,A,A,A,A,A
3578355376,B,A,B,A,B,B,C
3589957410,B,B,A,A,B,A,A
3604340060,B,A,B,A,A,A,C
3623215891,B,B,A,A,A,A,A
3642427417,B,A,B,B,A,B,C
3667871009,C,A,A,B,A,B,B
3754912645,C,B,A,B,A,B,B
3793961408,B,A,B,B,B,B,C
3848698631,B,A,B,B,A,B,C
3858951022,C,B,A,B,B,A,B
3957939154,B,A,B,A,B,B,C
3973580742,C,A,A,B,B,B,C
4020824225,C,B,A,B,B,B,B
4151002246,B,A,B,B,A,B,C
4182683298,B,A,A,B,B,A,C
4337867861,B,A,B,B,A,B,C
4355057737,C,B,A,A,B,A,A
4509567625,C,B,A,A,B,A,A
4529830482,B,B,A,A,B,A,B
4595464362,C,B,A,B,B,A,A
4659077680,A,A,A,C,C,B,C
4794484965,B,A,A,A,B,B,C
4844677845,B,A,A,B,A,B,C
4906549885,C,B,A,A,B,A,B
4935592901,B,A,B,B,A,B,C
4943904461,B,A,B,B,A,B,C
4982589142,C,B,A,A,A,A,A
5086239896,B,A,B,B,A,A,C
5147781642,B,B,A,A,A,A,A
5157067509,C,B,A,A,B,A,A
5266802781,B,A,A,A,A,A,C
5271858025,C,A,A,B,A,A,B
5377580962,C,B,A,A,B,B,A
5404476958,B,B,A,A,A,B,A
5453248181,C,A,A,B,A,B,B
5474543169,B,B,A,A,B,A,C
5481961530,C,B,A,B,A,B,B
5566412490,B,B,A,A,A,A,A
5582128470,C,B,A,A,B,A,A
5597507214,C,B,A,B,B,A,A
5645366543,C,A,A,A,B,A,C
5690346953,C,B,A,A,B,B,A
5746464724,B,A,B,B,A,B,C
5787620294,B,A,B,A,B,B,C
5799461563,B,B,A,B,A,A,C
5864025794,B,A,A,B,A,A,C
5893139952,C,B,A,A,B,A,A
5895055568,B,A,B,B,A,B,A
5936382077,C,B,A,B,A,A,A
5975143553,C,B,A,B,B,B,A
6015197942,C,B,A,A,B,A,A
6062877661,B,A,B,B,A,B,C
6127913719,C,A,A,A,A,B,B
6186170638,C,B,A,A,B,B,A
6331592414,B,A,B,B,A,B,C
6335084059,B,B,A,A,B,A,A
6343370101,C,A,B,B,A,A,C
6402701133,C,B,A,B,A,A,B
6758760147,C,A,A,B,B,B,C
6773483160,C,B,A,A,B,A,A
6780531613,C,B,A,A,A,B,A
6869418052,B,B,A,A,A,A,B
6930209086,B,B,A,B,A,A,A
6955589443,C,B,A,B,A,B,A
6961442808,C,B,A,A,A,A,A
7174842037,B,A,B,B,A,B,C
7190987226,C,B,A,A,A,A,A
7291335624,C,B,A,A,B,A,A
7404450384,C,B,A,A,B,A,A
7405826530,C,B,A,A,A,A,B
7435547304,C,B,A,A,B,A,A
7442103862,B,A,A,B,A,B,C
7553525110,B,B,A,A,A,A,C
7640965516,C,B,A,B,A,A,A
7754718074,B,B,A,A,B,A,A
7769217272,B,A,B,B,A,B,C
7772297086,C,B,A,A,B,A,B
7829479910,C,B,A,A,B,A,B
7932100896,B,A,B,A,A,B,B
8097524059,C,B,A,B,A,A,A
8216324990,C,B,A,A,B,A,A
8275994864,A,B,A,A,A,A,B
8413225261,C,A,B,B,A,B,C
8474615403,C,B,A,A,B,A,A
8522888335,C,B,A,A,B,A,A
8674311330,C,B,A,A,B,A,A
8709361761,C,B,A,A,A,A,A
8724971015,C,A,B,B,A,B,B
9003525390,B,B,A,A,A,A,A
9031231108,B,B,A,A,B,A,A
9156741088,A,A,B,B,A,B,C
9249065013,C,B,A,B,A,A,B
9386702982,C,B,A,A,A,B,A
9672684353,B,A,B,B,A,B,C
9674589657,C,B,A,A,B,A,A
9674782856,C,B,A,A,B,A,A
9880081374,C,A,A,B,B,B,B
10541286366,C,B,A,A,A,B,A
10594856076,B,A,A,A,B,A,B
10623520323,B,A,A,B,B,B,C
11592359494,C,A,B,B,B,A,B
12246783313,B,A,B,C,C,B,C
12403641564,B,B,A,A,A,A,A
13068369505,C,B,A,B,A,B,A
13169205385,B,B,A,A,B,A,A
13349689403,C,B,A,B,A,B,B
13744066983,C,B,A,A,B,B,B
14006146813,C,A,B,A,B,B,A
1008954785,C,B,A,A,A,A,A
109683748,B,B,A,A,B,A,A
11439370863,B,A,B,B,A,B,C
11849940053,B,A,B,B,A,B,C
1209963633,B,A,B,B,A,B,C
12397400183,B,A,B,B,A,B,C
1240813678,C,B,A,A,B,A,A
1245625542,B,A,B,B,A,B,C
1251260035,C,B,A,A,A,A,A
1271794604,B,A,A,B,A,B,A
12843569933,B,A,B,B,A,B,C
1300413535,B,A,A,B,A,B,C
1344592336,A,A,A,A,B,B,C
135431519,C,B,A,A,B,A,A
155518243,A,A,B,B,A,B,C
1558451712,C,A,A,A,B,B,C
1577153572,C,B,A,B,A,A,A
170164345,B,B,A,A,A,A,A
1767596,B,A,A,A,B,B,C
17850307,C,B,A,A,B,A,A
1811364513,C,B,A,B,A,A,A
187055962,C,B,A,B,A,A,A
2065382466,C,B,A,B,A,A,A
2070582968,A,A,A,A,B,B,C
2130140723,B,A,B,B,A,B,C
2157868066,C,A,A,B,A,B,B
2171990758,C,B,A,A,A,A,A
2175256050,B,A,A,B,A,B,C
2175437481,B,B,A,A,B,A,B
219574771,C,B,A,A,A,A,A
223628221,B,B,A,A,B,B,C
2239196368,B,A,B,B,A,B,C
2289871510,B,A,B,B,A,B,C
2321152144,B,B,A,A,B,B,C
2355241044,B,B,A,B,A,A,A
2427449285,C,B,A,B,A,A,A
2470840837,B,A,B,B,A,B,C
249037451,B,A,B,B,A,B,C
257602406,B,A,B,A,A,B,C
2598854747,C,B,A,B,A,A,B
260406622,A,A,A,A,B,B,C
2607567109,B,A,B,B,A,B,C
2691494271,C,B,A,B,A,A,B
2711336662,B,A,B,C,C,B,C
2736717795,B,A,B,B,A,B,C
278059049,C,A,B,A,B,B,C
2909469426,B,A,B,B,A,B,C
2964967589,C,A,B,B,B,B,B
302749324,C,B,A,A,B,A,A
305410325,B,A,A,A,A,B,A
307166108,B,A,B,B,A,B,C
3085433029,C,B,A,A,A,A,A
3093068542,B,A,B,B,A,B,C
3230639432,B,A,A,B,A,B,C
3294449028,B,A,B,B,A,B,C
331928050,B,A,B,B,A,B,C
335152854,A,A,B,B,A,B,C
3376246863,C,A,B,B,B,B,B
3377833393,C,B,A,A,B,A,A
3461534897,C,B,A,A,A,A,A
3479118124,C,B,A,B,A,A,B
3493111863,C,A,B,B,A,B,B
3547600020,C,B,A,A,A,A,A
3574848954,B,A,B,B,B,B,C
3586973512,C,B,A,A,B,A,A
3598407378,A,A,A,B,A,B,C
3635455945,B,A,B,B,A,B,C
363725341,B,A,B,B,A,B,C
3661890465,C,B,A,A,B,A,A
3754966295,B,A,B,B,A,B,C
3775644661,A,A,B,A,B,B,C
3807425944,B,A,B,B,A,B,C
3844296196,B,A,B,C,C,B,C
38445624,C,B,A,B,B,A,A
385824563,B,A,B,B,A,B,C
3912224006,B,A,B,B,A,B,C
3947950733,C,B,A,A,A,A,B
3958848656,C,A,B,B,A,B,C
3961389851,A,A,A,A,B,B,C
3983138332,C,A,A,A,B,B,B
3987214294,C,B,A,A,A,A,A
4002056784,C,A,B,B,B,B,B
4003376180,C,B,A,A,A,A,A
4012202629,B,A,B,B,A,B,C
4039314912,B,A,B,B,A,B,C
415573385,C,B,A,A,A,A,A
420008280,C,B,A,A,B,A,A
420254157,C,B,A,A,A,A,A
4243008363,B,A,B,B,A,B,C
42635004,B,A,A,B,A,B,C
4292560756,B,A,B,B,A,B,C
429919014,B,B,A,B,A,B,C
4353928082,B,A,B,B,A,B,C
4354943348,B,B,A,B,A,A,A
4359210139,C,B,A,A,B,A,A
4361294505,B,A,B,B,A,B,C
4385649362,B,B,A,A,B,A,A
443965069,B,A,B,B,A,B,C
446961808,B,A,B,A,A,B,B
4482942666,B,A,B,C,C,B,C
4505050148,A,A,B,B,A,B,C
4517989195,B,A,B,B,A,B,C
4528710697,C,B,A,A,A,A,A
453121987,C,B,A,B,A,A,A
4568227448,B,A,B,B,A,B,C
4642199948,A,A,B,B,A,B,C
4643100483,B,A,A,B,A,B,B
4687982688,B,A,A,A,B,B,C
473745962,C,B,A,A,A,A,A
4752588360,C,B,A,A,B,A,A
4783680270,A,A,B,B,A,B,C
4874241461,B,A,A,B,A,B,B
491503710,B,A,B,B,A,B,C
4916980076,C,A,A,B,B,B,C
4970563926,B,B,A,A,A,A,A
4975167154,C,A,B,A,B,B,C
4979845480,C,B,A,A,A,A,A
5023753064,C,A,B,B,A,B,B
5079034447,B,A,B,B,A,B,C
5123939078,B,A,B,B,A,B,C
5131494815,C,B,A,B,A,A,B
5176340645,C,B,A,B,A,A,A
5195037687,C,B,A,B,A,A,B
5215079599,B,A,A,B,A,B,C
523765977,B,A,A,B,B,B,C
5238322730,C,B,A,A,A,A,A
525182652,B,A,B,B,B,B,C
5283480635,B,B,A,B,A,A,B
5305711173,C,A,B,B,A,B,C
533020364,C,A,B,B,A,B,C
5388832971,B,A,B,B,A,B,C
540323791,C,B,A,A,B,A,A
5489180452,C,A,A,A,B,B,C
5587112823,B,A,B,B,A,B,C
5612506837,B,A,B,B,A,B,C
5631657949,B,B,A,B,B,B,A
5645686547,B,A,B,B,B,B,C
5663282773,A,A,A,B,A,B,C
5697693368,C,A,A,B,A,A,B
5708965627,B,A,A,A,B,B,C
5714525081,B,B,A,B,A,A,A
5715945088,C,B,A,B,B,A,A
5729010784,C,B,A,A,B,A,A
5751275502,C,B,A,A,A,A,A
5762003247,B,A,B,B,A,B,C
5773277714,B,B,A,A,A,A,A
5800888156,C,A,B,B,A,B,C
5811815449,C,B,A,A,A,A,A
5893302821,B,A,B,B,A,B,C
5947183906,C,B,A,A,A,A,A
5966289914,C,B,A,A,A,A,A
5991708253,B,A,B,B,A,B,C
599683583,B,B,A,A,A,A,A
5998016760,C,A,B,B,A,B,C
6000131573,C,B,A,A,B,A,A
6053374791,C,A,B,B,A,B,C
6077184265,C,B,A,B,A,A,B
6079341887,B,A,B,B,A,B,C
6143541209,B,A,B,B,A,B,C
6289798732,B,A,B,B,A,B,C
6315406388,C,B,A,C,C,A,A
6326003739,B,A,B,B,A,B,C
6370339539,B,A,B,B,A,B,C
6409567065,C,A,B,B,A,B,B
6572793435,C,B,A,A,B,A,A
660480405,C,A,A,A,A,A,A
6777722742,B,A,B,B,A,B,C
6863126221,B,A,B,B,A,B,C
6909226296,B,A,B,B,A,B,C
6910641820,B,A,B,B,A,B,C
6929937162,B,A,A,A,A,B,B
6994080662,B,A,B,B,A,B,C
7099682207,B,A,B,B,A,B,C
756822938,B,B,A,B,A,A,B
7626042572,C,B,A,A,A,A,A
7650921778,C,B,A,A,A,A,A
7658341676,B,A,B,B,A,B,C
7983873033,B,A,B,B,B,B,C
7987594144,C,B,A,B,B,A,A
8018607438,C,B,A,B,A,A,A
8048536337,C,B,A,B,A,A,A
8088455994,B,A,B,B,A,B,C
8091675417,C,B,B,B,A,A,B
8113631875,B,A,B,B,A,B,C
813024888,C,B,A,A,A,A,A
8145531692,B,B,A,B,A,A,A
8169539155,C,B,A,A,A,A,A
8274450831,B,A,A,A,B,B,C
8307297352,B,A,A,A,B,B,C
8337195900,B,A,B,B,A,B,C
8342856741,B,A,B,A,A,B,B
8368649762,B,A,B,B,A,B,C
8433157863,B,A,B,B,A,B,C
85621794,B,A,B,B,A,B,C
8677800509,C,B,A,A,A,A,A
8687877684,C,B,A,A,B,A,A
8996526755,B,A,B,B,A,B,C
9298901388,B,A,A,A,B,B,C
9575757089,B,A,B,C,C,B,C
981399894,B,A,B,A,A,B,C
4099301,B,A,A,A,B,B,C
6481136,A,B,A,A,B,B,C
7005467,C,B,A,B,A,A,A
7302986,B,A,B,B,A,B,C
12577956,B,A,B,B,A,B,C
17193436,A,B,A,B,A,B,C
22380690,C,B,A,A,A,A,A
41462457,C,B,A,A,A,A,A
55529752,C,B,A,A,B,A,A
80222907,B,B,A,A,B,A,A
95184675,C,B,A,B,A,A,A
103950806,C,B,A,A,A,A,A
105942064,B,A,A,B,A,B,C
118823655,B,A,A,B,A,B,B
129409937,B,A,B,B,A,B,A
148954498,B,B,B,A,A,A,A
158430972,C,B,A,A,B,A,A
167259836,B,A,B,B,A,B,C
174479269,C,B,A,A,A,A,A
192529250,C,A,A,B,A,B,B
197392620,C,B,A,A,A,A,A
204340012,B,A,B,B,A,B,C
206352618,B,A,B,B,A,B,C
226095252,C,B,A,A,A,A,A
226906095,C,A,A,B,A,B,A
259397758,B,B,A,A,B,A,B
261440847,C,B,A,B,A,A,A
302672142,C,B,A,A,A,A,A
379422633,B,A,B,B,A,B,C
387054458,B,B,A,A,A,A,A
389268988,C,B,A,A,A,A,A
424866063,B,B,A,A,A,A,A
436259306,B,B,A,A,A,A,A
458198167,B,A,B,B,A,B,C
472611053,B,A,B,A,A,B,C
498279356,B,B,A,A,B,B,C
499799081,B,B,A,A,A,A,A
512044743,B,A,B,B,A,B,C
605835485,C,B,A,B,A,A,A
755493174,B,A,A,A,A,B,B
943388983,C,B,A,A,A,A,A
1000272912,C,A,A,A,A,A,A
1167228215,B,A,B,B,A,B,B
1196505686,C,B,A,B,A,A,A
1215796721,B,A,B,B,A,B,C
1233932992,B,B,A,A,A,A,A
1392355371,C,B,A,A,B,A,A
1434317105,B,A,B,B,A,B,C
1438146066,C,B,A,B,A,A,A
1475137162,B,A,B,B,A,B,C
1668535556,C,B,A,A,A,A,A
1810577182,C,A,B,B,A,B,C
1846999484,B,A,B,C,C,B,C
1941332497,C,A,B,B,A,B,C
2020160682,B,B,A,B,A,A,B
2055542051,B,A,B,B,A,B,C
2070265595,B,A,B,A,B,B,C
2132999062,B,A,A,B,A,B,C
2137593024,C,B,A,B,B,A,A
2189939913,B,B,A,A,A,A,A
2206311719,C,B,A,A,B,A,A
2237035861,C,A,A,A,B,B,C
2270685058,B,A,B,B,A,B,C
2285096134,C,B,A,A,A,A,A
2374990681,C,A,A,B,A,B,B
2385616471,B,A,B,B,A,B,C
2401651576,B,A,B,B,A,B,C
2433180795,C,B,A,A,A,A,A
2468442495,B,A,A,A,B,B,C
2503528560,B,B,A,B,A,A,A
2531243685,C,A,B,B,A,B,C
2579012409,C,B,A,B,A,A,A
2581830191,B,A,B,B,A,B,C
2594589119,B,A,B,C,C,B,C
2599328666,C,B,A,B,A,A,A
2605753541,B,A,B,B,A,B,C
2672387894,C,B,A,B,A,A,A
2849499767,C,B,A,A,A,A,A
2889972566,B,A,B,B,A,B,C
2901545630,C,B,A,B,B,A,B
2957278000,B,A,B,B,A,B,C
2969180787,C,A,B,B,A,A,C
2977977824,C,A,A,B,B,B,C
3005901150,B,B,A,A,A,A,A
3106027784,B,A,B,B,A,B,C
3140904692,B,A,B,B,A,B,C
3225745656,B,A,B,A,A,B,C
3241776173,C,B,A,B,A,A,A
3285397592,B,A,B,B,A,B,C
3289607460,B,A,B,B,A,B,C
3294321018,C,B,A,A,B,A,A
3556617055,C,A,A,B,A,B,B
3631901823,B,B,A,B,A,A,A
3652739314,C,B,A,B,A,A,A
3664676986,B,A,B,C,C,B,C
3870815742,C,B,A,A,A,A,A
3912934280,B,A,A,A,B,B,C
3953153269,B,B,B,A,A,A,A
4071629009,B,B,A,A,A,A,A
4122609659,C,B,A,A,A,A,A
4150565298,B,A,B,B,A,B,B
4167051309,B,A,A,A,B,B,C
4185259785,B,A,B,B,A,B,C
4201943167,C,B,A,B,A,A,A
4255961181,B,A,B,C,C,B,C
4282352331,C,B,A,B,A,A,A
4349295488,B,A,A,A,A,B,B
4377349075,B,B,A,B,A,A,A
4489698334,B,A,B,B,A,B,C
4510419700,C,B,A,A,A,A,A
4530919810,A,A,B,B,A,B,C
4575317850,B,A,A,A,B,B,C
4584081979,C,B,A,B,A,A,A
4644312469,B,B,A,B,A,A,B
4676317751,A,A,B,A,A,B,C
4724098742,C,B,A,A,B,A,A
4744139130,B,A,A,A,B,B,C
4744212239,C,B,A,B,A,A,A
4758669116,B,A,B,B,A,B,C
4859115071,A,A,B,A,B,B,C
4946106852,B,A,B,B,A,B,C
4955555972,C,B,A,A,A,A,A
5024625368,C,B,A,B,A,A,B
5048850432,B,A,B,B,A,B,A
5192090589,B,A,B,B,A,B,C
5219647169,B,A,A,A,B,B,C
5225543448,B,A,B,B,A,B,A
5228831859,B,B,A,B,A,B,B
5259488883,C,A,A,B,A,B,B
5285429923,B,A,B,B,A,B,C
5370915569,B,A,A,B,A,B,C
5560285162,B,B,A,B,A,A,A
5627647766,B,A,B,B,A,B,C
5679417054,B,B,A,A,A,A,A
5690580847,C,A,B,B,A,B,B
5698951295,A,A,B,A,A,B,C
5712588682,C,B,A,A,A,A,A
5717827654,C,B,A,A,A,A,A
5723655581,C,B,A,B,A,A,A
5733304253,B,A,B,B,A,B,C
5744060099,C,B,A,B,A,A,A
5828793380,B,A,A,A,B,B,C
5847214587,C,B,A,A,A,A,A
5864476164,C,B,A,A,A,A,A
5868187063,C,B,A,A,A,A,A
5941322069,B,A,B,A,A,B,C
5986769383,B,A,B,A,A,B,B
6024161653,C,A,A,A,B,B,C
6034768409,B,B,A,A,A,A,A
6059189191,B,A,A,B,A,B,B
6065413085,C,B,A,A,A,A,A
6094347576,B,A,B,B,A,B,C
6195994913,B,A,A,A,B,B,C
6265502591,B,A,B,B,A,B,C
6615891693,C,B,A,A,A,A,A
6712851197,C,A,A,B,A,B,B
6715838117,C,B,A,A,A,A,A
6836811817,B,A,A,A,A,B,C
6878113889,B,B,A,A,A,A,A
6891213613,B,A,B,B,A,B,C
6927341170,B,A,B,B,A,B,C
6998836480,B,B,A,B,A,A,B
7067550675,B,A,A,B,A,B,C
7285417644,C,B,A,B,A,A,A
7472383116,C,B,A,B,A,A,A
7617728272,B,A,A,A,B,B,C
7846842152,C,B,A,A,A,A,A
8032757574,C,B,A,A,A,A,A
8051856013,C,B,A,B,A,A,B
8163759207,B,B,A,A,A,A,A
8166649709,B,A,B,B,B,B,C
8168556778,B,A,B,B,A,B,C
8239118773,A,A,A,A,B,B,C
8276295639,B,A,A,A,B,B,C
8288883301,C,B,A,A,B,A,A
8301591754,C,A,A,A,B,B,C
8322547789,C,A,A,A,B,A,B
8372905125,A,A,B,B,A,B,C
8375664191,B,B,A,A,B,A,A
8378196339,B,B,A,B,A,A,A
8382691094,B,A,B,B,A,B,C
8421263721,B,A,A,B,A,B,C
8467947807,B,B,A,A,A,A,A
8479890232,B,A,B,B,B,B,C
8542697905,B,B,A,B,A,A,A
8546916044,B,B,A,A,A,A,A
8552892174,B,A,B,B,A,B,C
8633024710,A,A,B,B,A,B,C
8693678509,C,B,A,A,A,A,A
8833761260,C,B,A,A,A,A,A
8851860446,B,B,A,A,B,A,B
8872268291,C,A,B,B,A,A,B
9177350502,B,B,A,A,B,A,A
9359590787,A,A,B,B,A,B,C
9454193377,B,A,B,B,A,B,C
9784827336,B,A,B,B,A,B,C
9866606856,C,B,A,A,A,A,A
10243975684,B,A,B,B,A,B,C
11203834904,B,B,A,B,A,A,A
13844102363,C,B,A,A,A,A,A
14372010,C,A,A,B,A,B,A
64979761,C,B,A,B,A,A,B
87112194,B,A,B,B,B,B,B
87603870,A,A,B,A,B,B,C
94108900,C,B,A,A,B,A,A
98234144,B,A,A,B,A,B,C
122559947,B,A,B,B,A,B,C
132859657,B,A,A,B,B,A,A
172416130,C,B,A,A,B,A,A
179122666,B,A,A,B,B,B,A
179329223,C,B,A,B,A,B,B
182853909,C,B,A,B,A,A,B
192185330,B,B,A,B,A,A,B
199467330,C,B,A,A,A,A,A
207443884,B,A,B,B,A,B,C
252360535,C,B,A,A,B,B,A
305488237,B,A,B,A,B,B,B
316719912,C,B,A,B,A,B,C
324342504,C,B,A,B,A,A,A
329001094,C,A,B,B,A,B,C
334737420,C,B,A,B,B,B,A
391062927,C,B,A,B,A,A,A
391845821,C,B,A,B,B,A,A
409125877,C,B,A,A,B,A,A
438024129,B,A,A,B,A,A,C
439772496,B,A,A,B,A,B,C
467879389,C,B,A,A,B,A,A
468992590,B,A,B,A,B,B,B
474519771,C,B,A,A,A,B,A
490261398,C,B,A,A,B,A,A
527932030,C,B,A,A,A,B,A
539159134,B,B,A,B,A,B,C
559430619,B,A,A,A,B,A,B
561532373,C,B,A,A,B,A,A
605869798,B,B,A,A,B,A,A
732340852,C,B,A,A,B,A,A
1033034698,C,A,A,B,B,B,C
1113505731,C,B,A,A,B,A,A
1184148743,B,A,B,B,A,A,B
1224189426,C,B,A,B,B,A,A
1242046453,C,B,A,A,B,A,A
1312551435,B,B,A,B,A,A,B
1443659818,C,B,A,A,B,B,A
1471015976,B,A,B,B,A,B,C
1495067921,C,A,A,B,A,B,C
1496482671,B,A,A,B,A,B,C
1505238281,B,A,B,B,A,B,C
1910958552,C,A,B,B,A,B,A
2058037066,C,B,A,A,B,B,A
2121125262,C,B,A,A,A,A,A
2125064519,B,A,B,B,A,B,C
2166577970,C,B,A,B,A,B,C
2307247471,B,A,B,B,A,B,C
2319106536,C,B,A,A,A,A,A
2407377145,C,B,A,A,B,B,A
2475752216,C,B,A,A,B,A,A
2505675262,C,B,A,A,A,A,A
2527465034,C,A,B,B,A,B,B
2592621278,B,A,A,B,A,B,B
2598061660,B,A,A,B,A,A,C
2620626566,C,B,A,B,A,A,B
2658419148,B,A,B,C,C,B,C
2685630694,B,A,A,B,A,B,C
2711089183,C,B,A,B,A,A,A
2761693779,B,A,A,B,A,A,C
2762175007,C,B,A,B,A,B,B
2831021181,C,B,A,B,B,B,A
2833592610,C,B,A,A,B,A,A
2860527884,B,A,B,B,A,B,C
2895060837,B,A,A,B,B,A,B
2909398461,B,A,A,B,A,B,C
2942731057,C,B,A,A,B,A,A
2958213854,C,B,A,B,A,B,A
2986463640,B,B,A,A,A,A,B
2987352589,B,A,B,B,A,A,C
3009746148,C,B,A,B,A,B,B
3019462916,B,B,A,A,B,A,A
3026108799,C,B,A,A,B,A,A
3070385128,C,B,A,A,B,B,A
3102014201,C,B,A,B,B,B,A
3107309438,B,A,B,A,A,B,B
3212599200,B,A,B,B,A,A,B
3257494210,C,B,A,B,A,A,A
3276193120,C,A,B,B,B,A,B
3286429823,C,B,A,A,B,A,A
3320208977,C,B,A,A,B,B,A
3387069263,A,A,B,B,A,B,C
3444058884,B,A,B,B,A,A,C
3469805597,A,A,B,A,B,B,C
3476969477,C,B,A,A,A,A,B
3491269768,C,B,A,A,A,A,B
3492534402,B,B,A,B,B,A,C
3567467199,B,A,A,B,A,B,C
3618362155,B,A,B,B,A,B,C
3642836548,B,A,B,B,A,B,C
3671032513,C,B,A,A,A,B,A
3672094201,A,A,B,B,A,B,C
3712962511,C,B,A,B,B,B,A
3743797747,B,A,A,B,A,A,C
3841185844,C,B,A,A,A,A,A
3934215542,B,A,B,A,B,A,B
3978538678,C,B,A,A,B,A,A
3980869829,C,B,A,B,B,A,B
4014709929,B,A,A,B,A,B,B
4056891461,C,B,A,B,A,B,A
4077461130,C,B,A,A,A,A,A
4087655917,C,B,A,A,A,A,A
4325918356,A,A,B,A,B,B,B
4428020686,B,A,B,B,A,B,C
4439967620,C,B,A,A,B,A,A
4487890778,B,A,B,B,A,B,C
4582366166,C,B,A,A,A,A,A
4589475147,B,B,A,B,A,A,B
4666255819,C,B,A,A,B,B,B
4688632758,B,B,A,A,B,A,A
4689929266,C,B,A,A,A,A,A
4751070645,C,B,A,B,A,A,A
4777146193,B,A,B,B,A,B,C
4779409052,B,A,B,B,A,B,C
4792454548,C,B,A,A,A,A,A
4827694508,C,A,B,B,A,B,C
4869837745,B,A,B,B,B,B,C
4924592256,C,B,A,A,B,A,A
4937786528,C,B,A,A,B,A,A
4939627873,A,A,A,B,A,B,C
5082545350,B,B,A,B,A,B,C
5207961172,B,B,A,A,B,A,A
5221253319,C,B,A,A,B,B,A
5223971117,B,A,A,A,B,A,B
5251930764,B,A,B,B,A,A,C
5265139620,B,B,A,A,A,A,A
5315725039,C,B,A,A,B,B,A
5333506277,C,B,A,B,A,B,A
5348195379,C,B,A,A,A,A,A
5386609351,C,B,A,B,B,A,A
5460986125,B,B,A,B,B,B,B
5551483681,B,A,A,A,B,B,B
5597764918,B,A,B,B,A,B,C
5604409777,C,B,A,B,A,B,B
5662697925,C,B,A,A,B,A,A
5669428672,B,A,A,B,A,A,C
5706920699,B,A,B,A,B,B,C
5778843321,C,B,A,A,B,B,A
5829724933,C,B,A,B,B,B,B
5909213724,C,B,A,B,A,B,B
5968199926,C,B,A,A,B,A,A
5997985314,B,A,B,B,A,B,B
6203900760,C,B,A,A,A,A,B
6246974590,C,B,A,A,A,A,A
6329517843,C,A,B,B,B,A,B
6427844673,C,B,A,A,B,B,A
6775157589,C,B,A,B,A,B,B
6779719291,C,B,A,A,A,A,A
6808657841,B,A,B,B,A,B,C
6832234035,C,A,B,B,A,B,A
6981141581,C,B,A,A,A,B,A
7022969547,B,B,A,B,A,B,C
7027212521,C,B,A,B,B,B,B
7293181602,B,A,B,A,B,B,B
7329057288,B,B,A,A,A,A,A
7459518468,A,B,A,B,A,A,B
7545792642,C,A,A,A,B,A,B
7610267944,B,A,B,B,B,B,C
7642125636,C,B,A,B,B,B,C
7652801324,C,A,B,B,B,B,B
7775156288,B,A,B,B,A,A,C
7994004605,C,B,A,A,B,A,B
8106061946,C,A,A,A,B,A,C
8123140597,B,B,A,A,A,A,A
8127295530,C,B,A,B,B,B,A
8132574923,C,B,A,A,B,A,A
8137959873,A,A,B,B,A,B,C
8172998383,C,B,A,B,B,A,A
8243996012,C,B,A,A,B,A,A
8289629203,C,B,A,A,B,A,A
8384997424,B,B,A,A,A,A,B
8392269501,B,A,A,A,B,A,B
8438934300,C,B,A,A,A,A,A
8508143330,C,B,A,A,B,A,A
8565777867,B,A,A,A,B,A,B
8594840798,C,A,A,B,B,B,B
8629822509,C,B,A,B,B,B,A
8672798282,B,B,A,A,A,A,A
8731213407,C,B,A,A,B,B,B
8883889207,C,B,A,A,A,A,A
9520655398,B,B,A,A,A,A,B
9531770751,C,B,A,A,B,A,A
9637898655,C,B,A,A,A,A,A
9766058031,B,A,A,A,B,A,C
10014760015,C,B,A,B,B,A,A
10024526336,C,B,A,A,B,A,A
10104595695,A,A,B,B,A,B,C
10142038813,C,B,A,A,A,A,B
10170629486,B,A,A,A,A,A,A
10582054416,B,B,A,A,A,A,A
11178409936,B,B,A,A,B,A,B
11449752474,B,A,B,A,B,B,C
11877360873,B,A,A,B,A,B,C
11953673806,B,A,B,B,A,A,C
12581982644,C,B,A,A,A,A,B
s2378186027,B,A,A,A,A,B,A
s2392301913,B,A,A,A,A,B,B
s248174974,C,B,A,A,A,A,A
s274103396,C,B,A,A,A,A,A
s308869064,B,A,B,B,A,B,C
s311106650,C,B,A,A,A,A,A
s3674663,C,A,A,B,A,B,C
s391058833,B,A,B,A,A,B,B
s411421981,B,A,B,A,A,B,C
s415659511,B,A,B,B,A,B,C
s435513232,B,A,A,A,B,B,C
s491622043,B,B,A,A,A,A,A
s515719687,B,B,A,A,A,A,A
s523201795,C,A,B,A,A,B,B
s630524756,B,A,B,A,A,B,C
s66072715,C,B,A,A,A,A,A
s703281619,B,A,B,B,A,B,B
s704665585,B,B,A,A,A,A,A
s79403914,B,A,B,B,A,B,C
s99614963,B,B,A,A,A,A,A
s1366288136,B,B,A,A,A,A,A
s138298187,B,A,B,A,A,B,B
s1447042130,B,A,A,A,A,B,A
s1469215985,B,A,B,A,A,B,C
s1482561002,C,B,A,A,A,A,A
s1620904735,B,A,B,A,A,B,C
s1799722168,B,A,B,A,A,B,C
s1837873024,B,A,B,A,A,B,B
s1908915871,C,B,A,A,A,A,A
s198333455,A,A,A,A,A,B,C
s1997018249,B,A,B,B,A,B,C
s202283887,B,A,B,B,A,B,C
s2160612375,B,A,B,A,A,B,B
s2160998447,B,A,B,A,A,B,B
s2162298511,B,A,B,A,A,B,C
s2164303169,B,A,B,A,A,B,B
s2212420057,A,A,A,A,A,B,C
s2275354297,B,B,A,A,A,A,A
s2313146545,B,A,B,A,A,B,C
s23700724,B,A,A,A,A,B,B
7543089492,C,B,A,A,A,A,A
7649554980,C,B,A,A,A,A,A
8214858512,C,B,A,B,A,A,A
8262494770,B,A,B,B,A,B,C
8307183683,B,A,B,A,B,B,C
8443767742,C,B,A,B,A,A,A
8730523691,B,B,A,B,A,A,A
8788712104,B,B,A,A,A,A,A
9331825096,B,A,B,B,A,B,C
986595321,C,B,A,B,A,A,A
s109970657,C,B,A,A,A,A,A
s1151492183,A,A,B,A,A,B,C
s1161312523,B,A,A,B,A,B,C
s1168369,B,B,A,B,A,A,B
s118749832,B,B,A,A,A,A,A
s1247684770,B,A,A,A,B,B,C
s1311110234,B,A,B,A,A,B,B
s133676465,C,B,A,A,A,A,A
s134558465,B,A,B,A,A,B,C
s1350523139,A,A,A,A,B,B,C
4450053996,C,B,A,A,A,A,A
4502180364,B,A,A,A,B,B,C
4678764272,B,B,A,B,A,A,B
4701454356,C,B,A,A,A,A,A
4906193888,B,B,A,A,A,A,A
4912280958,B,A,B,B,A,B,C
4923401337,C,B,A,B,A,A,B
5052866068,C,B,A,A,B,A,A
5090461556,B,A,B,B,A,B,C
5315898997,B,A,B,A,B,B,C
5326321288,B,A,B,B,A,B,C
5728633372,B,B,A,B,B,A,A
5784592826,B,B,A,B,A,A,A
5796375126,B,B,A,A,A,A,A
5800801840,B,A,B,B,B,B,C
6077664742,C,B,A,B,A,A,A
7060537089,C,B,A,A,A,A,A
7276909854,C,B,A,A,A,A,A
751895401,B,A,B,B,A,B,C
7520070486,C,B,A,A,B,A,A
106683910,B,A,A,A,A,B,C
11167306953,C,B,A,A,A,A,A
11268467633,C,B,A,A,B,A,A
120268767,B,A,B,B,A,B,C
1775860430,B,A,B,C,C,B,C
178088020,C,B,A,A,A,A,A
222148332,B,A,B,B,A,B,C
2438845176,C,B,A,A,A,A,A
2464360363,B,A,B,B,A,B,C
2630995805,C,A,B,B,A,B,B
2857483850,C,A,A,A,B,B,C
2986268204,B,B,A,A,A,A,A
3145002891,C,B,A,B,A,A,A
3187101394,B,A,B,B,A,B,C
3595533215,C,A,B,B,A,B,B
3625381914,C,B,A,B,A,A,A
37835900,B,B,A,A,B,A,A
3824788008,C,B,A,B,A,A,A
3891869469,C,B,A,A,A,A,A
3907592545,B,A,A,B,A,B,A
2239050,C,B,A,A,B,B,A
4800898,C,B,A,A,B,B,A
15396757,B,A,A,A,B,B,A
33048881,C,B,A,B,A,A,B
62424418,B,B,A,B,A,B,A
96393465,A,A,A,B,A,B,C
97234203,C,B,A,A,A,A,B
108375795,C,B,A,A,B,B,A
130376932,C,B,A,A,B,B,A
135880415,C,B,A,C,C,A,B
187770948,C,B,A,A,B,B,A
196487837,C,B,A,A,B,B,A
234340154,C,A,B,C,C,B,A
416529375,C,B,A,C,C,B,A
417678120,C,B,A,C,C,B,A
424195790,B,B,B,A,B,B,A
434470717,B,B,A,B,B,A,A
443797756,C,B,A,A,A,A,A
449421558,C,B,A,A,B,A,A
461874321,C,B,A,A,A,A,B
614327030,C,B,A,B,B,B,A
701664977,B,A,B,A,B,B,A
1967887868,C,B,A,B,A,B,A
2363088817,C,B,A,A,B,B,A
2424962363,C,B,A,A,B,A,A
2439247248,C,B,A,A,A,B,B
2576116311,C,B,A,A,B,A,B
2605794078,C,B,A,C,C,A,B
2658810860,C,B,A,C,C,B,B
2818005209,B,B,A,A,B,B,A
2965508783,B,A,A,B,B,B,B
3066894737,B,B,A,A,A,A,B
3081675111,C,B,A,A,B,B,A
3274849583,C,B,A,A,B,A,A
3362042288,C,B,A,C,C,B,B
3467612505,C,B,A,A,A,A,B
3543571759,B,B,A,A,A,B,C
3586868061,C,B,A,A,B,B,A
3600653700,C,A,A,B,B,A,B
3633832363,C,B,A,A,A,A,A
3779636024,C,A,B,C,C,B,A
3820459259,C,B,A,A,B,A,A
3877237363,C,B,A,C,C,A,B
4024990378,C,B,A,A,A,A,A
4088765415,C,B,A,A,A,B,A
4096197838,C,B,A,B,A,B,B
4156242204,B,B,A,A,A,B,C
4190557835,C,B,A,A,A,B,A
4219751838,C,A,A,A,B,B,C
4268908667,B,A,A,B,A,B,C
4282790530,B,A,A,B,A,B,C
4384713696,C,B,A,C,C,A,A
4477529682,B,A,A,A,B,B,A
4571896781,B,A,A,B,A,A,B
4591382473,B,A,B,B,A,B,B
4711748355,B,A,B,A,A,B,B
4866420892,C,B,A,B,B,B,A
5203357138,C,B,A,A,B,A,A
5406733363,C,B,A,A,A,B,A
5496847361,C,B,A,A,A,B,A
5561824770,C,B,A,A,A,A,A
5587417240,C,B,A,A,B,B,A
5736508722,B,B,A,A,A,A,B
5925103165,C,B,A,A,A,B,B
6096012842,C,B,A,A,B,B,A
6163452230,B,A,B,A,A,B,A
6182871234,B,A,A,A,B,B,C
6185914810,C,B,A,A,B,B,A
6207721406,C,B,A,A,A,B,B
6820713503,C,B,A,B,A,B,A
6874150535,B,A,B,B,A,B,B
7009652587,C,B,A,A,B,B,A
7083727967,B,B,A,C,C,A,B
7116772841,B,B,A,B,A,A,B
7179771831,C,B,A,A,A,A,A
7391261220,C,B,A,C,C,B,A
7487735678,C,B,A,A,A,A,A
7573995136,C,B,A,B,B,B,A
7590140652,C,B,A,B,A,B,A
7696053062,B,A,A,A,A,B,B
7712325794,C,A,A,A,A,A,B
8010095667,B,A,B,A,B,B,B
8031615992,C,B,A,B,B,A,A
8314526756,C,B,A,B,B,B,A
8385400242,C,B,A,C,C,B,B
8411714338,B,B,A,A,B,B,A
8436487419,A,B,A,B,B,B,C
8538673150,C,B,A,A,B,B,A
8572723158,C,B,A,B,A,B,A
8596096619,B,B,A,A,B,B,A
8681842738,C,B,A,B,B,A,B
8716368962,C,B,A,A,A,A,A
9126278617,C,B,A,C,C,B,A
9131289770,A,B,A,A,B,B,C
9137170773,C,B,A,C,C,B,B
9533274888,B,B,A,A,A,A,A
9638544720,C,B,A,B,A,A,C
10177238854,C,B,A,A,B,A,A
10597323243,B,A,B,A,B,B,C
13961417365,B,B,A,C,C,A,B
